Subject,Repo Name,Purpose,Usefulness Score,Deployment Complexity,Security Concerns,Key Dependencies,License,Recommendation,Error
/home/ubuntu/trading-stack/lightweight-charts/README.md,lightweight-charts,"A lightweight and fast HTML5 charting library for displaying financial data. It's designed to be interactive and performant, making it a good replacement for static image charts.",7,easy,None found. It's a frontend library and does not handle sensitive data like private keys.,"Node.js, npm",Apache-2.0 with attribution,EVALUATE,
/home/ubuntu/trading-stack/goose/README.md,goose,"A general-purpose AI agent for desktop, CLI, and API use. It can be used for code, research, writing, automation, and data analysis, connecting to over 15 AI providers.",7,easy,"Relies on API keys, so security depends on how the application stores and handles them. No immediate red flags found in the README.","Rust (for developers), otherwise minimal for end-users (via curl script or desktop app).",Apache-2.0,EVALUATE,
/home/ubuntu/trading-stack/rtk/README.md,rtk,A CLI proxy that reduces LLM token consumption by 60-90% on common development commands. It's a single Rust binary with no dependencies.,8,easy,"None found. The tool is open-source and focuses on filtering command outputs, not handling sensitive data.",None (single Rust binary),MIT,DEPLOY NOW,
/home/ubuntu/trading-stack/fredapi/README.md,fredapi,"A Python wrapper for the Federal Reserve Economic Data (FRED) API, providing access to economic data from the St. Louis Fed.",8,easy,None found,"pandas, FRED API key",Apache-2.0,EVALUATE,
/home/ubuntu/trading-stack/polybot/README.md,polybot,"Polybot is an open-source trading infrastructure for Polymarket. It provides a multi-service system for automated execution, strategy implementation, data ingestion, and quantitative analysis.",8,hard,"The system uses a .env file to manage secrets, including the `POLYMARKET_PRIVATE_KEY`. This is a potential security risk if the environment is not properly secured.","Java 21+, Maven 3.8+, Docker, Python 3.11+",MIT,EVALUATE,
/home/ubuntu/trading-stack/prediction-market-backtesting/README.md,prediction-market-backtesting,"A backtesting framework for prediction market strategies on Kalshi and Polymarket, built on NautilusTrader with custom exchange adapters.",9,medium,None found,"Python 3.12+, Rust 1.93.1+, NautilusTrader 1.224.0","MIT, LGPL-3.0-or-later",EVALUATE,
/home/ubuntu/trading-stack/polyrec/README.md,polyrec,"A real-time terminal dashboard for Polymarket BTC 15-minute prediction markets, aggregating data from Chainlink, Binance, and Polymarket for analysis and backtesting.",4,medium,"None found, but the repository is for research and educational purposes only and does not handle trading execution.","Python 3.10+, Node.js, requests, websocket-client, pandas, numpy, matplotlib",MIT,EVALUATE,
/home/ubuntu/trading-stack/Polymarket-Trading-Bot/README.md,Polymarket-Trading-Bot,"A SaaS platform for automated trading on the Polymarket prediction market. It includes multiple trading strategies, user management, billing integration, and an admin dashboard.",8,easy,The ability to edit environment variables from the admin dashboard is a significant security risk if the admin account is compromised. The `POLYMARKET_API_KEY` must be secured.,"Node.js 20+, npm, SQLite",MIT,EVALUATE,
/home/ubuntu/trading-stack/polymarket-paper-trader/README.md,polymarket-paper-trader,"A paper trading simulator for the Polymarket prediction market, designed to be used by AI agents. It allows agents to trade on real order books with paper money, track their performance, and compete on a leaderboard.",9,easy,None found. The tool is for paper trading and does not handle real private keys or funds.,Python 3.10+,MIT,EVALUATE,
/home/ubuntu/trading-stack/TradingAgents/README.md,TradingAgents,A multi-agent framework using LLM-powered agents for collaborative market analysis and trade decision-making. It is intended for research purposes.,8,medium,"Requires storing multiple API keys in a .env file, which could be a security risk if not managed properly.","Python 3.13+, Docker, API keys for LLM providers (OpenAI, Google, etc.) and Alpha Vantage.",Apache-2.0,EVALUATE,
/home/ubuntu/trading-stack/collectmarkets2/README.md,collectmarkets2,"A menu-driven application for collecting and analyzing Polymarket trading activity. It fetches trading history, supports cyclic data collection, and generates visualizations of market data.",5,easy,No major security concerns found. The tool reads public wallet addresses and does not handle private keys.,Python 3.10+,MIT,EVALUATE,
/home/ubuntu/trading-stack/mlmodelpoly/README.md,mlmodelpoly,A real-time trading data collector for Binance Futures/Spot with Polymarket prediction market integration. It calculates various trading indicators and provides a REST API for monitoring.,8,medium,The use of API keys requires careful handling to prevent exposure. No other specific security concerns were identified from the README.,"Python 3.10+, other dependencies from requirements.txt",MIT,EVALUATE,
